Time,X Position,Y Position
0.017,727.5921944430509,634.4309642157539
0.033,722.7127880492961,638.3882136720911
0.05,718.3536673242198,642.4955330242739
0.067,714.3637907578918,646.6706613895366
0.083,710.8742445259288,651.2061352483944
0.1,707.7010378996501,655.4808367031076
0.117,705.0040876210796,660.0076501345821
0.133,702.3927839022915,664.6068398879169
0.15,699.7902209755438,669.2743994748774
0.167,697.2238322658014,674.3474841097028
0.183,694.8507887468588,679.9030874669186
0.2,692.4733708488895,685.560346368838
0.217,690.2109952325368,691.1402116026163
0.233,687.9366458598748,696.5446341181699
0.25,685.7669936233181,701.939845057473
0.267,683.4905901118941,706.8756505950514
0.283,681.1245721197097,711.5086716840764
0.3,678.6888222091,715.8081305960794
0.317,676.7002069918797,719.8935804131378
0.333,675.5492877413216,723.3045306789189
0.35,675.6602613915059,725.734940399979
0.367,677.7998594631019,726.9817348914694
0.383,681.9364813641478,727.3003827628113
0.4,688.024111219479,726.1590035837131
0.417,695.2918503414312,724.1501090137268
0.433,703.9586494889452,723.1285776557546
0.45,712.3350119493183,721.9031466983351
0.467,721.0533520582652,721.820539358515
0.483,729.5224599788045,722.8421960520648
0.5,737.5171389054683,724.4648023798351
0.517,744.3564068987429,726.0403091909488
0.533,750.6235531432314,727.4402110041485
0.55,756.1855568436744,727.4063279898211
0.567,761.6295432088386,725.7199106753831
0.583,767.392861911292,722.3583863690119
0.6,773.2006590951065,716.9355934811742
0.617,779.1875265894602,710.2593564571597
0.633,784.7352433090803,701.9641486119531
0.65,793.3537534932523,696.5549092003865
0.667,797.917952117683,686.214236549306
0.683,802.8711554633543,677.3418495741373
0.7,807.0808317590918,668.1015140124455
0.717,811.1087128485485,660.1936831076963
0.733,815.3791847618036,653.984447888356
0.75,820.544661291789,650.1955907885347
0.767,823.9785766763024,646.3842553950853
0.783,827.1640418876668,643.9158644493332
0.8,830.08020220389,642.7209715485924
0.817,832.258245968879,642.3109004751766
0.833,833.9972881961953,642.9522123484023
0.85,835.2569306880499,644.5604407022344
0.867,835.6901825963087,646.655034464876
0.883,835.5542971127301,649.4445821858658
0.9,834.7758156215282,652.7936655992652
0.917,833.4899849308354,656.7500841552727
0.933,831.6844521932803,661.4123168065512
0.95,829.847587651482,667.6079670465354
0.967,826.5888993455932,673.2664481731769
0.983,822.823524922055,679.2279088642395
1.0,819.1493306443197,686.3985556983893
1.017,815.6073285527624,693.8005027224267
1.033,810.7432058299152,699.7366895348671
1.05,806.0241512566283,706.192540996057
1.067,801.6193782230507,712.7738021157668
1.083,797.2639848848488,719.0435001389636
1.1,792.3945718539103,724.2738794041904
1.117,786.3860495507342,727.5394291942439
1.133,781.5097225201247,731.6452372198511
1.15,776.7270590970019,735.4342018628463
1.167,772.108502747898,738.9497269302768
1.183,767.5780274722647,741.8751668761456
1.2,763.1550375108395,745.1468224828163
1.217,758.4499479285553,747.5885167202382
1.233,753.7196303395873,749.7495021991972
1.25,748.4497505045738,751.2735170223564
1.267,745.4906127180101,755.7669467742504
1.283,743.7500699794396,758.081068361998
1.3,742.4821342223318,759.0443937086643
1.317,743.3186668089066,758.8533537542467
1.333,746.2035891793328,757.9654978943595
1.35,750.422390248054,755.4218762548963
1.367,755.7329075514801,751.67030372954
1.383,761.4456563847802,747.5971195300053
1.4,767.4523075606728,742.1131808546402
1.417,773.3570171278169,736.956259043518
1.433,779.5063478739994,733.1895013384922
1.45,787.3382431360565,730.7239594039266
1.467,793.0836331317876,725.6333728510107
1.483,798.7699443381412,721.4796030153751
1.5,804.4880644884158,717.4318284711347
1.517,810.2860265972071,714.0467922487854
1.533,816.2617991597056,710.8237865512051
1.55,822.2205201397137,707.3248417460941
1.567,828.3441775757956,703.5789918805086
1.583,834.2617727373862,699.2507094729942
1.6,839.9588592424536,694.0040036115795
1.617,845.3273069464357,687.6960520525195
1.633,851.1612499510768,682.3201334397268
1.65,856.1697998935333,675.1189515341723
1.667,860.8606918288838,668.7346420849174
1.683,864.8285672434953,662.5435596699994
1.7,868.2086020074746,656.647824927999
1.717,870.9782011638287,652.1313905479653
1.733,872.2504277929552,646.2215361582067
1.75,874.151714187617,643.7633727022287
1.767,875.4509024148591,642.2964928484023
1.783,876.764807144812,642.9286367021484
1.8,877.0438979801163,643.8319144490795
1.817,876.6324127063008,645.8205488169167
1.833,875.6058106770934,648.7190769081355
1.85,873.7263871675384,652.2002610303787
1.867,871.1701428843188,656.4966154850345
1.883,867.3344508977475,660.6188572568537
1.9,863.4686076985131,667.1422663550062
1.917,859.3315162838594,674.7733015206568
1.933,854.2054976191337,681.8666280890309
1.95,848.2079490443436,689.4610517907145
1.967,841.839132962127,696.635882266896
1.983,836.0152333042577,705.819517734202
2.0,828.7836465221301,712.8953577740615
2.017,822.0453766287787,720.7641060340983
2.033,815.4811605412806,728.7756363121973
2.05,808.6397000395077,736.0812236595609
2.067,801.940795823303,744.2138887522412
2.083,796.3773769229269,751.3858785733391
2.1,790.2788401813582,756.9989461214263
2.117,784.4858485653797,762.7180591885927
2.133,779.0992242303107,767.9568432737092
2.15,774.0223928284917,773.0257598626488
2.167,768.990905011206,776.377966976894
2.183,764.3320068824435,779.3727811324538
2.2,760.1232470659155,782.3496839087652
2.217,756.3570381093909,785.0363983435625
2.233,753.2668660099371,787.434489162594
2.25,750.6756412042812,789.158451147963
2.267,748.9063586147711,790.4646265274234
2.283,748.1133167924631,791.0365044032882
2.3,748.9229273158163,791.5232524180897
2.317,751.3269350795572,789.9895735023808
2.333,755.2984286754936,786.8923009457776
2.35,761.1519622206464,780.4695303708154
2.367,766.6581929565009,774.0096909252253
2.383,772.9660755410647,767.2707754041141
2.4,779.3398048117107,759.6070951178781
2.417,785.6647574768032,751.8481684334992
2.433,791.3650858231697,743.4968442394184
2.45,796.8824442378283,734.8454849498025
2.467,802.0819827186835,725.8599547948788
2.483,806.9738078474579,716.761881955677
2.5,811.9722830755503,708.013424558245
2.517,816.9682135016806,699.5199294033196
2.533,821.8465757497063,690.9880834667763
2.55,826.760505384226,682.3307437376212
2.567,832.080143446952,673.993628116489
2.583,837.4528282147161,665.1923767872337
2.6,842.9544807681127,655.7701393334652
2.617,848.6062219116976,646.3418179906298
2.633,854.0823708003138,636.6477969489235
2.65,859.4451887234276,626.4164897240327
2.667,864.327203898795,616.4065352197608
2.683,868.6865305668883,606.861551023234
2.7,872.4897183826895,597.3193517877669
2.717,875.7159188102089,588.5352665631424
2.733,878.5309068499688,580.0431968922426
2.75,881.0607247965314,572.5245570418265
2.767,883.283167169025,565.7716156136798
2.783,885.1567506180113,559.825922441788
2.8,886.6325843534162,555.0441068276812
2.817,887.5762999551953,552.3115018590097
2.833,888.0275126752016,551.6278610973816
2.85,888.1347810772469,553.3120622610153
2.867,887.7978804851167,556.6618275075103
2.883,886.9337454482159,561.1462470640913
2.9,885.6092945971025,566.4045181069202
2.917,883.7311545533676,572.2629477640223
2.933,881.4026122849343,578.050480086282
2.95,878.6105753049651,584.3100339430639
2.967,875.4909076959091,590.8534659045313
2.983,871.9355581830846,597.5092135605917
3.0,868.070492738874,604.6177707030184
3.017,863.8198845387192,612.0111453830791
3.033,859.3288497808819,619.4398445118313
3.05,854.4770409524625,627.2003057737977
3.067,849.4866353450451,635.4157290448345
3.083,844.3378292553186,643.6312302550748
3.1,838.9699796634807,651.9696894628752
3.117,833.5336408136443,660.3912109116578
3.133,828.0561239075324,668.6314137118871
3.15,822.5795059021624,677.1393566637396
3.167,817.052839255643,685.3211975069183
3.183,811.5947472273098,693.2952339281642
3.2,806.2017951569067,700.8287952390294
3.217,800.9038824012327,708.061515752371
3.233,795.8591397528285,714.8159888994387
3.25,790.8459338730693,721.3330308362013
3.267,785.9466548142316,727.5557163599337
3.283,780.9903228233538,733.7986103759567
3.3,775.8986350840445,740.165553229648
3.317,770.7317090967701,746.7112656452616
3.333,765.5113386166573,753.4349709028472
3.35,760.4232182512594,760.3250058400236
3.367,755.3720964670504,767.2737367007071
3.383,750.533318356501,774.2521081144534
3.4,745.9206197130696,781.2033862026342
3.417,741.4412694210106,788.0616307028131
3.433,737.2491872458278,794.8421283184183
3.45,733.2339348839569,801.4870252820406
3.467,729.4128739777159,808.1059079346093
3.483,725.7943647055944,814.5182138704067
3.5,722.2378620372824,821.0765685850536
3.517,718.6650159739513,827.3773905805401
3.533,715.1921016812257,833.235484281003
3.55,711.7167524397455,839.1791031026196
3.567,708.3164379566965,844.9670473105487
3.583,704.9468723586598,850.4926654483271
3.6,701.581278263821,856.0243086381705
3.617,698.0750687581656,861.4045768889055
3.633,694.6154149450356,866.4267790637948
3.65,691.3450584879813,870.8180750876581
3.667,689.1398297801583,874.3140738779372
3.683,688.5398125177346,876.0546493190328
3.7,689.3586169640415,876.028849945508
3.717,691.3284865284559,874.2273505556391
3.733,693.9674163261452,871.3329898473689
3.75,696.9313532943122,867.5794534379921
3.767,699.7402436625448,862.5902797160084
3.783,702.9504491969439,858.6563796171183
3.8,705.9589575964526,854.0679816284548
3.817,709.1069187890369,849.4894833202374
3.833,712.0586362920667,844.572926164559
3.85,715.1420021904602,839.524566711965
3.867,718.2213246547606,834.1801472409227
3.883,721.1374766037753,828.5801113280556
3.9,724.3330901929241,822.9028853664557
3.917,727.5358533651979,817.0081295678635
3.933,730.8096738354833,811.1125738978972
3.95,734.069323530746,805.0648628528273
3.967,737.4938942559445,798.900009017914
3.983,740.8595758277605,792.6970000434663
4.0,744.2306653061521,786.4512708209289
4.017,747.6022327038584,780.2014054097826
4.033,750.9287785557174,774.057145554031
4.05,754.2932561957285,768.0997259781434
4.067,757.5101746080483,762.3265147341363
4.083,760.5317153957594,756.8191898974726
4.1,763.3908437346133,751.6144044838508
4.117,766.1189331316245,746.6937362634008
4.133,768.7812965084961,742.1949560448072
4.15,771.4953730457203,737.6972537501235
4.167,774.4137464141938,733.36373695066
4.183,777.526260344257,728.9728122047391
4.2,780.9404314821716,724.2844064609094
4.217,784.5561990530559,719.2018466575533
4.233,788.2286115462816,713.443960696759
4.25,792.053876562785,707.3876412489749
4.267,796.0099207822766,700.9266167649901
4.283,799.8311213766988,694.1653980352555
4.3,803.7808714496346,687.2682272241154
4.317,807.6970877164792,680.1181364046122
4.333,811.5280306713898,672.9936505426451
4.35,815.4575041882252,665.9993734363962
4.367,819.3053417388466,659.1569114772707
4.383,823.0772674356801,652.5308775734654
4.4,826.7490946263424,646.0043185866818
4.417,830.4675868785187,639.7166012456918
4.433,833.907843101143,633.5192165724463
4.45,837.3674690183954,627.4023740044934
4.467,840.7038283464628,621.0496742343216
4.483,843.8982877161758,614.9496182280233
4.5,846.9369166071208,608.4037314337419
4.517,849.9981799410862,601.4223208930367
4.533,852.9173785824198,593.8595054355505
4.55,855.7275863295445,585.6828898774575
4.567,857.8675522678285,577.076461411558
4.583,857.4044880088572,570.8370574810497
4.6,856.9693596824493,564.6968907784238
4.617,855.3600849433304,561.9851079180678
4.633,853.9271853429225,563.05126891649
4.65,852.7151831443886,566.9847549596119
4.667,851.6011197748819,572.3517109904398
4.683,850.9420783953584,577.9235939319732
4.7,850.735445746896,583.3210790614357
4.717,850.128370460865,587.8690729994845
4.733,849.4773007321555,591.7396471365962
4.75,848.8077161412255,594.7730182953673
4.767,848.1432628725396,597.1799631958582
4.783,847.6337869427588,599.1499781013727
4.8,847.1718748863861,600.9039585168916
4.817,846.8451109952643,602.7943747815144
4.833,846.4564756239765,604.8415891580336
4.85,846.0189979244557,607.1167503484955
4.867,845.4684511883765,609.5788054049393
4.883,844.782612654039,612.1210713389421
4.9,843.986820632235,614.64828173281
4.917,842.9357299204031,617.0893757257487
4.933,841.4524392741032,619.3853688266206
4.95,839.4945410572177,621.4930570818312
4.967,837.0363040688699,623.1304477428973
4.983,834.3888414332221,624.5808176971423
5.0,831.5042056224747,625.5736009331794
5.017,828.2709362519963,626.2069679519814
5.033,824.738816126925,626.3948098779987
5.05,820.7431725992549,626.3424667070465
5.067,816.3669024426997,626.6054500217606
5.083,811.5228814641541,626.9894114419253
5.1,806.4123191592831,627.9854853253868
5.117,801.0999167839667,629.5923989746358
5.133,795.628113541821,631.4398449855523
5.15,789.8270816559223,633.5798906666437
5.167,783.5366907552461,635.7403170485943
5.183,776.8557493209817,637.5740797771159
5.2,769.8096585879059,639.2800609267433
5.217,762.3737389868697,640.6576572679312
5.233,754.9535521012368,641.6848235428562
5.25,747.8522649857587,642.8810385691637
5.267,741.1662591491486,644.369261719328
5.283,735.089642512665,646.4168669379981
5.3,729.9703028105677,649.3238093913227
5.317,725.7213288437423,653.4770111585786
5.333,723.0152518798643,658.4495047825851
5.35,722.0485468495232,663.7962033195324
5.367,723.2970466984419,668.71698622427
5.383,726.6558939112197,673.121528034582
5.4,731.773675093563,676.7588889251904
5.417,738.6791462244444,679.7422439698635
5.433,746.0064222137389,681.8758110682002
5.45,753.9824379318167,683.6498052712673
5.467,761.4030492994659,685.6057847430787
5.483,767.7240961551644,687.8003742798071
5.5,773.3082227061294,690.1179844093451
5.517,778.0797317584528,692.4467624544759
5.533,782.3305010212637,694.502821254737
5.55,786.5575020698591,696.0728420623674
5.567,791.1853304432668,696.3418900173485
5.583,796.1162158671775,694.6827710972736
5.6,801.6659110773388,691.847115063984
5.617,807.6447332596794,687.6582815291514
5.633,813.8442907839257,682.4925279728184
5.65,819.9886934486249,676.2888625823089
5.667,826.0072139773957,669.2223223115905
5.683,831.2594991276733,661.4514666421467
5.7,836.2298551531262,653.8628901532522
5.717,840.3299827481557,646.2881630537231
5.733,843.7116215551006,639.4504094518954
5.75,846.4574557490564,633.443187997543
5.767,848.831628934674,628.5024449380201
5.783,850.8264950892633,624.9948175625655
5.8,852.3770429570876,622.9221737466464
5.817,853.3948235807056,622.473856325126
5.833,853.5775836880562,623.6323657089154
5.85,852.9257501400455,626.0596814126606
5.867,851.2350139577578,629.5253538986083
5.883,848.932874114912,633.9177431370279
5.9,845.8630297454683,638.5999065878941
5.917,842.2756736942163,644.0116935090489
5.933,838.3917798540209,649.8906049443115
5.95,834.1746802406088,656.2090355025053
5.967,829.4142115655854,662.6960479653803
5.983,824.4271659288149,669.5356708286948
6.0,819.2666351409636,676.5346936192768
6.017,813.8091484169753,683.5377987013835
6.033,808.3575829157013,690.7979057946243
6.05,802.819792206469,698.0064538112015
6.067,797.3054534656203,705.380387216687
6.083,791.8294801773237,712.4072459531335
6.1,786.505257457382,719.0986155857815
6.117,781.3099766729079,725.157107469204
6.133,776.4593169907348,730.7606564146608
6.15,771.8066354558105,735.7172188025231
6.167,767.3223034650541,740.1580867587672
6.183,762.9938132411346,744.0507324903078
6.2,758.8695046999485,747.4862940314779
6.217,754.974239483501,750.7409488275334
6.233,751.2595778024779,753.567217357047
6.25,747.9119697964863,756.1790726448393
6.267,744.9374635757249,758.8175748264184
6.283,742.8579911114372,761.6906790200969
6.3,741.2975307535858,764.1417450286331
6.317,740.2540468649499,766.4564423634005
6.333,740.0587342900012,767.9745104046555
6.35,741.181264361646,768.2775808600172
6.367,743.7991014638919,766.9911706707205
6.383,747.5792965548908,764.1015282484509
6.4,752.1071947902647,759.8643928621898
6.417,756.8852951394384,754.4104355853576
6.433,761.6075491693485,748.571976940199
6.45,766.0209551919506,742.1752927226869
6.467,770.196889834095,735.2427289126053
6.483,773.9558820099469,728.0283235768421
6.5,777.6168481840974,720.8990407966604
6.517,781.219565546202,714.0920248228734
6.533,784.8359173445958,707.3382607695205
6.55,788.7843684678221,700.8483576948619
6.567,793.1917903992553,694.4917565687745
6.583,798.0507033009151,687.5377963782253
6.6,803.4785522038994,680.0338258836211
6.617,809.3916376244435,671.8658122023968
6.633,815.3916393328398,663.1504426212935
6.65,820.9187618622852,653.7529067775043
6.667,826.1038641519114,643.7639546752343
6.683,831.0170373992191,633.4194726986475
6.7,835.4515699992394,623.1372101377234
6.717,839.5828052363968,613.2110203223588
6.733,843.1619467678896,604.0536426903011
6.75,846.2104465660343,595.9215232142494
6.767,849.0247700846243,589.3233822897082
6.783,851.2957497054213,584.2537503744051
6.8,853.2158052947909,580.7051692491669
6.817,855.038211631183,579.3201720287279
6.833,856.4287973006567,579.9873913117557
6.85,857.2221840287636,582.337672425371
6.867,857.2653358799926,586.3693984526129
6.883,856.2903718995043,591.3663702796877
6.9,854.2693786353614,597.3318957371163
6.917,851.2678522415824,604.33998188044
6.933,847.2539903689479,611.7339309437123
6.95,842.7250318503252,620.2567664228424
6.967,837.4992784008948,629.4036648069931
6.983,831.8504311364584,639.1645717767332
7.0,825.6569755306481,648.9931615805973
7.017,819.0503666001321,658.9706655202074
7.033,812.2943752878222,669.0087021999441
7.05,805.4914753742547,679.1631696127475
7.067,798.7286999350329,689.4914639039123
7.083,792.0523516806753,699.5124243637613
7.1,785.4896561461951,709.2429356015515
7.117,779.1055554795613,718.5286967228761
7.133,772.9532419401456,727.2243784843961
7.15,767.0105538311003,734.8399787157547
7.167,761.3116984155185,741.6729996871609
7.183,756.0356257666865,747.8050686577786
7.2,751.1831395808612,753.0894515772663
7.217,746.6295603656313,757.8370365125334
7.233,742.2412489163926,761.9072290163205
7.25,738.3996996350683,765.5172079182219
7.267,734.9642091496456,768.7336853362269
7.283,732.2908609828803,771.4379462182588
7.3,730.5732757677525,773.5096658430098
7.317,730.1454405908422,774.6020225789771
7.333,731.5163478541194,773.7054024135352
7.35,734.6643468623995,771.1964206353969
7.367,739.3859713059564,767.0850318460591
7.383,744.9531609165166,761.7224369678034
7.4,750.6857529169442,755.6231768969376
7.417,756.3650340155589,748.9639555876981
7.433,761.9991925065735,741.8652022504348
7.45,767.2055011963876,734.4707976351932
7.467,772.2758304864265,726.6034418923358
7.483,777.1901204040164,718.4419345698002
7.5,781.6126222886423,710.0342977161847
7.517,786.0129492936799,701.7561601380862
7.533,790.2244222025661,693.674154297314
7.55,794.5266191366628,686.0070702386392
7.567,799.0749078972033,678.9731720654715
7.583,803.6791258228111,671.81055476847
7.6,808.6224079891747,664.5489157675073
7.617,813.7348232498047,656.7791617442423
7.633,819.1128490375627,648.7236537179004
7.65,824.3524062465294,640.3247300781136
7.667,829.5923852898584,631.8022209978584
7.683,834.4453223831526,622.9367819243258
7.7,839.0137881617752,614.3329080558202
7.717,843.0874450475098,605.7262850873063
7.733,846.799435654355,597.5153039888309
7.75,849.9935056567845,589.9124310524178
7.767,852.7190998309313,582.5421903757097
7.783,855.1867966271102,575.7316941762535
7.8,857.487905550789,569.9313935848256
7.817,859.4722434847575,565.1254147651765
7.833,861.1680669764849,561.6027357033452
7.85,862.5428464737051,559.382978469581
7.867,863.7608422589794,558.7430017380736
7.883,864.6708447849476,559.382257998951
7.9,865.5747772642814,561.4101724816201
7.917,866.162549722275,564.3483040412989
7.933,866.3137517153807,568.2022787850142
7.95,866.1327009396662,572.9706999220234
7.967,865.4568380814408,578.7059136218811
7.983,864.4071712988041,585.1110245979398
8.0,862.8309971322864,591.8732328106121
8.017,860.8184834775948,599.3088912201376
8.033,858.3312048146372,606.8533275365456
8.05,855.3570976899551,614.6028531812394
8.067,852.0360160806181,622.6550743694917
8.083,848.1464703987322,630.7135304963593
8.1,843.835678113612,638.7039505183166
8.117,838.9315974365297,646.3665936194195
8.133,833.6199970005123,653.8172950615806
8.15,827.927008577383,660.9869659020568
8.167,821.9029503714521,668.0006135092239
8.183,815.5372268135111,674.4924291096347
8.2,809.0466912049856,680.7062777483309
8.217,802.3604539718572,686.6135332880024
8.233,795.5472220172791,692.2097196030353
8.25,788.7387571259518,697.4599096238403
8.267,781.8549605902201,702.5480962672145
8.283,774.7277447015708,707.3169420283964
8.3,767.4021968329264,711.7703907723635
8.317,759.6687226127641,715.9270199588075
8.333,751.0714119941902,719.3296535513068
8.35,741.6217585586803,721.9707039488114
8.367,731.5011855970921,724.0730158649458
8.383,720.7169860345838,725.129570637162
8.4,709.8004823492173,725.3672127713113
8.417,698.5751269382774,724.9794152758946
8.433,687.7302924210942,724.3148979015527
8.45,677.6255540718282,723.8004991167404
8.467,668.1003631034984,723.5725763937835
8.483,659.3502645159817,724.0002995607147
8.5,651.5531480104671,725.1042347696743
8.517,644.5407334393082,726.6813691883186
8.533,638.2766530915145,728.8901446107999
8.55,632.5847279991016,731.204068459664
8.567,627.2591064315994,733.6031468358644
8.583,622.0613998874178,735.7437430290788
8.6,616.71692722785,737.6622173026601
8.617,611.0142177409653,739.5532922378488
8.633,604.8432475010399,741.4247673790642
8.65,598.493101188793,743.1515437228932
8.667,591.9996451401736,744.9901637947796
8.683,585.6049064219234,746.9610362092305
8.7,579.5833842509328,749.2603217566875
8.717,573.9090533212766,751.9038487457465
8.733,568.7860959065247,754.9433950487992
8.75,564.2997234896706,758.326795174244
8.767,560.4214026790352,762.2018259660508
8.783,557.052962211779,766.3681014755543
8.8,554.3392123488564,770.7950832418198
8.817,552.089266206678,775.5230642072844
8.833,550.3850538320725,780.3654951430005
8.85,549.294997796364,785.2338396389837
8.867,548.5822876019622,790.0509899414506
8.883,548.1563636269773,794.9416437676459
8.9,548.016608037352,799.8706762535674
8.917,548.1474860875696,804.9018636398663
8.933,548.5268560137074,810.3246816648691
8.95,549.510007861941,815.9887347082562
8.967,551.3878951524521,822.4363073219126
8.983,554.8352747437618,829.844889322427
9.0,560.3544117333162,838.0267646495219
9.017,568.1141383401568,846.4548222808606
9.033,577.951463900669,854.0142083489668
9.05,588.6252712292369,859.6565980230799
9.067,599.7124173293482,864.2345151623614
9.083,610.2985588596448,867.5441858450044
9.1,620.0295578055177,869.7511494858558
9.117,629.1619198407097,871.5391894178242
9.133,637.3848978236923,872.5059079174382
9.15,644.9965598252227,873.0043100010848
9.167,652.0834998012701,872.8688819819167
9.183,658.818228057595,872.2220068190329
9.2,665.1821724631322,871.0626033144947
9.217,671.2921331431035,869.5929240374642
9.233,677.3123809284831,867.9439558984968
9.25,683.0455721294366,865.9666611417272
9.267,688.5573805748904,863.6659311035535
9.283,693.8212474455349,860.856915769162
9.3,698.8233007247806,857.6971401336447
9.317,703.64918879629,854.232235405161
9.333,708.1746039697941,850.2688711598182
9.35,712.3815948025087,846.0233504978851
9.367,716.2681941163939,841.5288175027795
9.383,719.8344679139989,836.8346909560908
9.4,722.9075098987025,831.8524351741626
9.417,725.7948149955735,827.006342830616
9.433,728.6420898141648,822.1947553713492
9.45,731.37688810651,817.5439276317921
9.467,734.1455804480363,813.064543808706
9.483,737.1238181506108,808.670464063204
9.5,740.2577626874006,804.3639746311806
9.517,743.5632222586022,800.1343904873726
9.533,747.1737914407449,795.9272999633771
9.55,750.9415808756706,791.7357335454167
9.567,754.8337206409774,787.5607996587299
9.583,758.8640596462545,783.3697883751814
9.6,762.9906656692003,779.3374174043046
9.617,767.2075619485607,775.3049108633259
9.633,771.6517486124751,771.1162061373041
9.65,776.1782945408033,767.0593746351167
9.667,780.7547982659853,762.8492633667004
9.683,785.462521868619,758.3747933828508
9.7,790.2721761406591,753.7718302941938
9.717,795.2122654806404,748.7846085217969
9.733,800.1648813803038,743.0680045510242
9.75,804.9969171733301,736.7905760423089
9.767,809.8084708128155,729.9565850833167
9.783,814.5392700104887,722.473197199843
9.8,819.0161455434718,714.2807203751934
9.817,823.3403873067031,705.6857124093009
9.833,827.5635383354387,696.7587176483123
9.85,831.7320172528018,687.8021710106789
9.867,835.776456839174,678.7452678361115
9.883,839.7815341268233,669.6774989250114
9.9,843.6354353426109,660.6966448713191
9.917,847.305307545103,651.915851318086
9.933,850.8022785308274,643.2201778904564
9.95,854.0850672915265,634.761960232788
9.967,856.9907049911817,626.2507263403146
9.983,859.5613439894199,617.847263697574
10.0,861.7952537045164,609.5448966559482
10.017,863.6170742519055,600.8412489165237
10.033,865.3163195076802,591.7627606295151
10.05,866.9434889493807,582.4061043079082
10.067,868.444961228879,572.2534552514458
10.083,869.5366115920847,561.784983656237
10.1,869.2973682558668,552.7895990886424
10.117,868.6071939548942,546.8701248967877
10.133,867.1366213012126,544.0812435871977
10.15,865.9510644016025,544.8761821181913
10.167,864.8709952989782,548.2029157868947
10.183,863.878237517735,553.078008157809
10.2,863.1121145401502,558.645543420486
10.217,862.6484041092281,564.6084542329721
10.233,862.1270347378041,570.0130346775378
10.25,861.5219856511737,574.8003762675951
10.267,860.7860546783368,578.8333569962958
10.283,859.7558856883593,582.0005082028687
10.3,858.5415720590161,584.9381948522814
10.317,856.9218874818389,587.5645649568531
10.333,854.7910715469932,590.1574688793488
10.35,852.1176366740021,592.6852145124634
10.367,849.0323273020683,595.5726303221411
10.383,845.3104781955699,598.6290314861035
10.4,841.1089095449947,601.7448247910713
10.417,836.3820094598389,605.0011575955943
10.433,830.0611510406958,608.0903844114957
10.45,823.4312796023193,610.2669404081756
10.467,817.1485220013793,614.083801195625
10.483,810.6107957653587,618.106553259544
10.5,804.1369991939869,622.6221387155258
10.517,797.5918207071202,627.1216787841604
10.533,791.243205407457,631.3887616647683
10.55,784.3962914670119,634.8829082966943
10.567,777.182810755548,637.8871803609704
10.583,769.7664901333096,640.4445095248551
10.6,762.2199473616001,642.6178285024316
10.617,754.554683556159,644.3301893120636
10.633,742.2246457425373,645.1504608652049
10.65,735.130370498859,646.9441214289753
10.667,728.5273240334328,649.2179710178508
10.683,722.9703579122904,653.4620862353001
10.7,717.9245754044449,656.7721213857291
10.717,714.4919898952171,660.02430125612
10.733,713.3373585115705,663.1478675712167
10.75,714.5426479521273,665.5296801448421
10.767,717.8286506293721,667.137519644485
10.783,723.3717270799366,668.0713031231717
10.8,730.7087544410729,668.6804507493049
10.817,739.4899235036085,670.0279992229617
10.833,748.5837304302615,671.7302354303869
10.85,761.5508316364297,678.6822456526471
10.867,767.7638941617786,682.3549128159802
10.883,773.315823323331,686.4516732414986
10.9,778.3160923036846,689.9157437812803
10.917,783.5868812413482,692.8640009715755
10.933,789.1045924092562,693.8089360201452
10.95,794.9396958992997,691.9777457406911
10.967,801.2314278678184,688.6298176795327
10.983,807.7530175590089,683.945287983423
11.0,814.1831045481729,678.4361455189674
11.017,820.323203435762,672.4447441548211
11.033,826.0647964468978,666.1260790926697
11.05,834.9229660443358,656.3924592247818
11.067,839.4024139597506,651.3060445549377
11.083,843.6640628637201,647.0104310324798
11.1,847.6338603440788,643.8131590257262
11.117,851.2291498261932,641.6909044066671
11.133,854.1040170886661,640.9355701126642
11.15,856.0604452178851,641.5127077486461
11.167,857.0109696617153,643.3931938070602
11.183,856.6187557839305,646.2066006332063
11.2,854.9405657699567,650.1120837327974
11.217,851.8856319305052,655.1170480365282
11.233,847.6960577344593,660.8241489618591
11.25,840.8003695251488,672.0766612043006
11.267,835.2179702574467,679.1050102611991
11.283,829.5785535056158,686.3230787062215
11.3,823.7476616578776,693.7407734675448
11.317,817.7905858683105,701.075626016373
11.333,812.2663645923518,707.8636478226044
11.35,806.5667850656152,714.842290851888
11.367,800.9035776944631,721.6517224900911
11.383,795.133744481568,728.4473276038196
11.4,789.2489988341194,735.1708235323722
11.417,783.4096310529935,741.6016291574672
11.433,777.5489360613601,747.7276466972124
11.45,771.7663948800607,753.3536528838944
11.467,763.724036202924,759.3145037904791
11.483,758.5430431433699,763.8843457005901
11.5,753.5761632499396,768.0152623108038
11.517,749.0701526725625,771.6145198643835
11.533,744.9620581845004,774.8309219086548
11.55,741.4179837595043,777.6859996856288
11.567,738.6603425080598,780.1548623646922
11.583,736.612568827962,782.407789285488
11.6,735.4508282778946,784.2624927203428
11.617,735.4526073925385,785.4304195494987
11.633,737.1331529167621,785.2971112616623
11.65,740.7898881220656,783.2142749618636
11.667,750.3928324386209,776.5005152877588
11.683,756.7386399278807,769.9695653378626
11.7,762.7579824821377,762.7102780911243
11.717,768.5527537391811,754.9387002807184
11.733,773.6334954993839,747.3704198654882
11.75,778.0876109590533,740.1114506593005
11.767,782.1414912044096,733.1886844572733
11.783,786.0994220217467,726.9653180155742
11.8,790.2560047254265,721.3333591186422
11.817,794.8117596081208,716.1480232024271
11.833,799.9454397905322,710.9802666980711
11.85,805.4951318221761,705.4709565984695
11.867,811.4800989428871,699.4238521327059
11.883,819.4289785975552,689.7172768086918
11.9,824.9436400212343,682.2361361326489
11.917,829.832019408256,674.6513659018027
11.933,834.0555085415178,667.2911899796595
11.95,837.7072138039587,660.2408722825353
11.967,840.8481550462891,653.6194893983272
11.983,843.4629182355782,647.664095944098
12.0,845.6964317821194,642.6059728431663
12.017,847.5394444719021,638.6695265451874
12.033,848.8922540161759,635.8938988539487
12.05,849.6121992716128,634.1787105208858
12.067,849.6144791260385,633.671626257825
12.083,849.4979598320556,635.3576529966545
12.1,847.7846541364636,637.3546901320053
12.117,845.307614675595,640.4374544354346
12.133,841.8161449173646,644.3569307906232
12.15,837.4522694220108,648.8887141095024
12.167,832.5664549808894,653.7166950426537
12.183,827.2143220852598,658.8846548099829
12.2,821.3406626137509,664.3434863844943
12.217,815.1014048306333,669.7518364797374
12.233,808.3407979399739,675.0335431030377
12.25,801.0544696099706,679.6745690964702
12.267,793.3879163637181,683.9153129019433
12.283,782.0253220271277,687.4776277882547
12.3,774.2603200052492,689.9712642147629
12.317,766.8308750199291,691.9802293645204
12.333,759.8203364249031,694.0058400772516
12.35,753.1264537266017,696.0203763974363
12.367,746.73212878425,698.0369757287409
12.383,740.8039251483589,700.2169729292903
12.4,735.4118199207563,702.4021729765022
12.417,730.4292106214905,704.4698350026556
12.433,726.0645640324506,706.4445544405853
12.45,722.3712136515775,708.0712192554278
12.467,719.2478467190417,709.5173013140438
12.483,716.7354224909485,710.8082822959117
12.5,715.0478563012484,713.6405460780554
12.517,715.5216617837159,713.9389232024439
12.533,717.4514536786209,712.7527523558531
12.55,720.9902276957914,710.0302623672094
12.567,725.6967237598533,705.4385450289533
12.583,730.9020468715748,699.4384626892753
12.6,736.3296046881032,692.0700863852235
12.617,741.4991470395184,683.5785727216618
12.633,746.4949456648994,674.9215814188855
12.65,751.3754218514036,666.7107696725329
12.667,756.1565959491656,659.201667889002
12.683,761.0693052528624,652.7038657607807
12.7,767.0104894877772,647.41606541078
12.717,772.8739990644322,642.6859573263189
12.733,779.3872191171013,637.6529361886368
12.75,786.1927333846359,631.7979589235197
12.767,792.9393641095045,625.1696296902841
12.783,799.8875167265543,617.5618992550235
12.8,806.9911739432551,608.5748270371143
12.817,814.0070094299685,598.1995103977449
12.833,820.9244323152949,587.0157052539212
12.85,827.6912373061957,575.432028375142
12.867,833.9251127907938,564.8701276764042
12.883,839.5705727573296,554.3241740819652
12.9,845.0210227344534,544.6380237848033
12.917,852.4845271118363,532.7840722187609
12.933,856.1735925534795,529.104104278377
12.95,859.0641999123575,528.4311471448862
12.967,861.0528753610342,530.3941952731236
12.983,861.8456623088857,533.9094454065644
13.0,860.5966688079898,535.758275303131
13.017,858.6707300848077,539.9083529741704
13.033,856.2454211672954,544.9287390605494
13.05,853.2949744337853,550.2414774413712
13.067,849.9328697736541,555.5359266191667
13.083,846.0572364673117,560.645007239558
13.1,841.9805340176204,565.4927604129176
13.117,835.4813859438311,573.0056023875336
13.133,830.8823544836367,578.0985290178979
13.15,826.1521447177122,583.4888422346496
13.167,821.4459307865047,589.603011031904
13.183,816.7186154616888,596.1756425809953
13.2,811.9740331126451,603.3965614765328
13.217,807.2217788818604,611.0509558560507
13.233,802.6300952389993,618.9299843501502
13.25,798.132266596579,627.0032170428254
13.267,793.7397291606142,634.92070686476
13.283,789.6269826156612,642.5576250887032
13.3,785.7805894136005,650.0503920087908
13.317,780.7553649039208,658.9069074222049
13.333,777.3390819798578,665.7982131799882
13.35,774.2839750189298,672.0712595237098
13.367,771.6892984210094,678.3702274883834
13.383,769.4966941338919,684.8112412167391
13.4,767.8327090656699,691.4703395277909
13.417,767.0600654849288,698.4087106470503
13.433,767.1818321181561,705.5277482834692
13.45,768.3118696793276,712.7329364848831
13.467,770.1775616911982,719.7162878825711
13.483,772.3220606774357,726.1312387580697
13.5,774.5597416047044,732.3383089027825
13.517,776.2749570140272,737.891616725755
13.533,778.0984421983428,745.1071012093016
13.55,777.7403881280081,750.698149925018
13.567,776.5438077565466,756.5522554833767
13.583,774.6671698721862,762.6140709788481
13.6,772.1832892532284,768.8287617025635
13.617,769.2724853387141,775.1775790057873
13.633,765.996405395608,781.5493009882125
13.65,762.548895718305,787.7977808122798
13.667,759.1037906616798,793.945367467483
13.683,755.5580286349134,799.8838693556993
13.7,752.0153732924845,805.6518532133787
13.717,748.4229681739565,811.2289086868243
13.733,743.4650017876029,818.2659962546421
13.75,739.4498936584598,823.9110427251486
13.767,735.1933276770869,829.6031260259933
13.783,730.8502718733977,835.3171627230627
13.8,726.2415560256752,840.9176713310144
13.817,721.3720980090518,846.6071117489765
13.833,716.1662186101225,852.0395305716058
13.85,710.5940050117005,857.5703638969576
13.867,704.4133822582689,863.3831452605348
13.883,697.4988564883594,869.3433663964079
13.9,690.4452000728985,875.7683765312565
13.917,683.6667274661377,881.9739073739186
13.933,678.1967554165684,887.4453899589562
13.95,673.8974410580033,890.8676497308998
13.967,673.5123033198212,889.4938915240035
13.983,674.2724054211715,887.5996544481204
14.0,675.5115233259434,884.9213558458539
14.017,676.9576038008533,882.0864108764713
14.033,678.3960060303237,879.0819228440366
14.05,680.0031924256936,876.1061997175218
14.067,681.5571036203768,872.9476326072217
14.083,683.1445711728553,869.6631640122406
14.1,684.7585489428676,866.1341689673716
14.117,686.5128721451734,862.4630750880175
14.133,688.4197510003324,858.664185982801
14.15,691.3120809935308,853.2393790165759
14.167,693.4955140160154,849.1725166529045
14.183,695.9280113118916,844.8488282004911
14.2,698.5278528408252,840.2950181773572
14.217,701.3461171458284,835.5511010158398
14.233,704.5045508050383,830.646263356268
14.25,707.840899478075,825.5843547342827
14.267,711.2026504431741,820.3370335043276
14.283,714.7549533880659,815.0551967061872
14.3,718.2534666055858,809.7853497847111
14.317,721.6347349053401,804.5346154555561
14.333,724.9302364455327,799.6287090344679
14.35,728.9973838162732,793.9230742097741
14.367,732.0492859075471,789.8895875170613
14.383,734.8289671681521,786.1205868648399
14.4,737.6413868169518,782.3962162366321
14.417,740.5741138706918,778.7458518199157
14.433,743.6213687805789,775.1128249811858
14.45,746.9655389855582,771.6261554574011
14.467,750.5585607675775,767.9395697902721
14.483,754.4085005221496,764.1692010228229
14.5,758.5060887215841,760.3149506121265
14.517,762.9267239834921,756.1270838730352
14.533,767.6567169438706,751.5585406372063
14.55,772.7821819112918,746.5221749816708
14.567,780.0104074988993,739.0268004378104
14.583,785.9094512464285,732.1730803740461
14.6,792.285206401066,723.8087510590452
14.617,798.9389734653432,714.7445059444036
14.633,805.3298924096271,705.4187694947254
14.65,811.8846203936033,695.5811593291785
14.667,818.2872317155311,685.7084077473495
14.683,824.5575701355945,675.6409235267487
14.7,830.9034100075287,665.1503603664262
14.717,836.9132591074259,654.8035147256145
14.733,842.6906557259902,644.2137656379268
14.75,848.5348861035868,633.7390331384355
14.767,856.2607626607248,620.3658416377235
14.783,861.2966404837914,610.0522740756109
14.8,866.0773712838687,599.5755317846221
14.817,870.784538012902,588.5751835853575
14.833,875.4116078978559,577.0706326323942
14.85,879.7522553292838,565.1771551283969
14.867,883.9490037080925,553.4646018235956
14.883,888.2632464261112,541.6577466378949
14.9,893.1285321132044,530.2912738835793
14.917,897.5509846741686,518.7977198548498
14.933,900.1294886596369,506.3291460827519
14.95,899.9174069637879,499.3482852678702
14.967,896.743722282285,495.034038549495
14.983,892.9836404302267,499.7550219853592
15.0,887.3387521459405,506.6853020694871
15.017,881.6883936796801,526.317291706125
15.033,874.6202710336676,537.4681204549853
15.05,876.3495810313254,540.794128557657
15.067,872.8104375886817,553.1203094612996
15.083,871.6838784295851,555.9425768592118
15.1,870.2639326962249,562.8196876399277
15.117,866.355875583851,575.5374549806677
15.133,864.9223004607375,579.596868829528
15.15,863.488273555007,594.9574652959301
15.167,861.905892236914,599.6416914913741
15.183,860.316239972301,604.6118662458182
15.2,859.4775994888743,612.4886750485422
15.217,858.0537977006912,617.6225386209741
15.233,856.4032932516111,625.7081647287652
15.25,855.1093264690235,630.8255276239804
15.267,854.5372782148477,637.2481483932585
15.283,853.511701236433,641.8731825588075
15.3,852.678364366004,646.0741297969948
15.317,852.4943479224019,649.6580216973023
15.333,852.2336349643209,652.6191803124377
15.35,852.6005662297794,653.9669590742409
15.367,853.0097969440374,655.0492148947314
15.383,853.6040626557211,655.237135053149
15.4,854.3344155880018,653.601657477574
15.417,854.9332055428564,652.5232692487475
15.433,855.30529148189,650.1933239369332
15.45,855.54262876045,649.3273968514211
15.467,855.2392517525122,647.7701796586957
15.483,855.2810621760666,646.7502413236828
15.5,855.186799401372,645.9599630724115
15.517,854.8815814765046,644.2751590499586
15.533,854.7952568193755,643.1251585619611
15.55,854.2779904520387,641.6363850884741
15.567,854.049409904788,640.5879575322917
15.583,853.8365482127388,640.0105335720771
15.6,853.2575934220777,638.7565592431893
15.617,853.0840106320925,637.9669178726467
15.633,852.5771311357482,636.8531523664351
15.65,852.4751010904697,636.0640693021583
15.667,852.0409516741529,635.0557364875226
15.683,851.9791100800472,634.3416461257367
15.7,851.4631082695721,633.4950688174754
15.717,850.9889196746819,632.9164608228419
15.733,850.4805777071185,632.4373710428132
15.75,850.0464932760474,632.234293429573
15.767,849.6388894829731,632.1745983742953
15.783,849.2743725714308,632.2203512745859
15.8,848.8854356674478,632.4327016095826
15.817,848.4759212721683,632.7256467941611
15.833,848.0162440290075,632.9768339685165
15.85,847.4536538834543,633.4086016734702
15.867,846.8678395854845,633.7918408593827
15.883,846.2226571353207,634.3732600650552
15.9,845.6374275379724,635.2356944818125
15.917,844.8798708005442,636.2028324746591
15.933,843.8185733959051,637.4894523728117
15.95,842.5285943267327,638.9193349626125
15.967,840.9281754748979,640.4170012084022
15.983,839.0868663883118,642.1322273149581
16.0,836.6636049513852,644.1297102534919
16.017,833.7921028504711,646.9793764966936
16.033,830.4394446754957,650.3196733260403
16.05,826.783455400059,654.0280653268745
16.067,822.8918055951177,658.2084809101643
16.083,817.3498122038454,664.4062894101764
16.1,813.0952090003424,668.7269929148057
16.117,808.8620998362022,673.0249405619329
16.133,804.7013466465767,677.0911286689746
16.15,800.4651150565519,680.9744186041721
16.167,796.4438765155965,684.4985624716893
16.183,792.5620630317641,687.7383725692707
16.2,788.7357954028907,690.3829671825988
16.217,785.1425214251653,692.6279304643994
16.233,780.6711308939105,695.2484293251687
16.25,778.1411216410202,696.6303914545445
16.267,776.0138424321574,697.2998404998061
16.283,774.3478222153758,697.4697692985014
16.3,773.20994956192,697.1744155506401
16.317,772.5695379665716,696.4083512723437
16.333,772.4891916033156,695.3622337809412
16.35,772.9074260270231,694.2600603724785
16.367,773.6491782203275,693.7103530382254
16.383,775.7715774275041,692.8994364551456
16.4,778.6980496185884,691.8481607562605
16.417,782.9663691068711,690.3823405259903
16.433,788.4052567190447,687.8911307187884
16.45,794.7146707648722,684.603107799365
16.467,801.9132856010725,680.377605947082
16.483,809.4555315413209,675.4374975670924
16.5,820.4834228163817,665.9518479473074
16.517,827.4082633486939,661.1882075538343
16.533,834.0702224898641,657.1981929341064
16.55,840.7709340408833,653.9803362571822
16.567,847.4578155357424,651.869196718359
16.583,854.0422969734568,650.8765871502098
16.6,860.3221058319481,650.6530218260201
16.617,866.0444615378195,651.5382358403184
16.633,872.8895291305348,654.8481905815846
16.65,875.8855715843124,657.6340468309883
16.667,877.7585831200461,661.1172241013805
16.683,878.7078173078895,665.4452722648159
16.7,878.3514559125149,669.9336797036223
16.717,876.9761854776073,674.7774838655162
16.733,874.6603890799003,680.0396864301908
16.75,871.638231379925,685.9083572284776
16.767,867.9717345964293,691.713403248802
16.783,861.7072901695578,700.6340602147042
16.8,856.6480111544251,706.2266946108398
16.817,851.0288189629462,711.976056105327
16.833,845.1692173413514,717.8154171984617
16.85,839.0356496830735,723.5314873093439
16.867,832.657403581355,728.8560916290808
16.883,826.0679781806762,733.8470579061059
16.9,819.6625852650063,738.362140014633
16.917,809.6608772922298,742.6023765344878
16.933,804.1777143728202,745.7430794057746
16.95,798.9920057548823,748.432752500617
16.967,794.2200822225439,750.6840282271054
16.983,790.0769722194773,752.5306540205813
17.0,786.4017159104196,753.9157876751634
17.017,783.4873640818066,755.0509748145091
17.033,781.4794548617731,755.7364687095906
17.05,781.0266825802757,756.9404487741899
17.067,781.8743420571345,757.9541988243831
17.083,783.7720767239207,758.9977026592716
17.1,787.0394728572619,759.7917219923232
17.117,791.6388993087827,759.6222203988184
17.133,798.3837702855307,758.6626968722703
17.15,805.346971303823,755.9170875623154
17.167,812.5362786589235,751.6118822846797
17.183,819.831618161562,746.0482920286702
17.2,828.616087522576,736.1500497671154
17.217,832.5934073255432,728.4608767243451
17.233,835.6711776093551,720.2628099957831
17.25,838.1762603193996,712.3143123118485
17.267,840.0158590370559,704.3422920924438
17.283,841.4592298313494,696.5779128645311
17.3,842.8376797077713,689.2458709980995
17.317,844.1934521634403,682.0166828483318
17.333,844.3674239630975,672.7465009162394
17.35,846.8420178268444,665.9658708579625
17.367,849.7768165076855,659.0511382134306
17.383,853.116222756854,651.6799679547353
17.4,856.9973196526896,644.3831542596783
17.417,860.6856488199621,636.1424097809831
17.433,864.1520908381021,627.8314180575692
17.45,867.5595751570524,620.1928295149054
17.467,872.9262163169619,609.7930742473428
17.483,876.1773386605965,605.2075663040605
17.5,879.3695448789845,602.2491115544755
17.517,882.0813012161561,600.9783403953892
17.533,884.2654575768229,601.4880495119643
17.55,885.4826456854739,603.4204720932185
17.567,885.9123868822826,606.7961916987292
17.583,885.5551926642358,611.4779662198863
17.6,883.7587015850968,620.4558734991008
17.617,881.9056075107278,626.9511284087093
17.633,879.9469460898102,633.862100369492
17.65,877.8863982810547,641.1285346605397
17.667,875.7178886869904,648.7249772850172
17.683,873.3736827309583,656.2015669859126
17.7,870.9571639580599,663.4723022909147
17.717,868.4021272493908,670.5800008626782
17.733,865.6624831060979,677.5327053477927
17.75,860.873118164201,685.8991268114341
17.767,857.2434393017122,691.8364857394082
17.783,853.3592897030277,697.5382855283647
17.8,849.3935919727178,702.9512777184784
17.817,845.0497901858529,708.0157755417176
17.833,840.6380643151629,712.5290928778004
17.85,836.1067545065439,716.9175212391766
17.867,831.5536263564873,720.8481094449962
17.883,824.8353649109524,726.3082089370243
17.9,820.2469229694556,729.8677716469842
17.917,816.0690143835382,733.3555417929815
17.933,812.6414959043193,736.1522909440255
17.95,810.1416959636601,737.9982852298219
17.967,809.0489990330304,737.8115328733941
17.983,809.2116686685993,735.8096192813709
18.0,810.4120297278134,731.6655839898701
18.017,814.1704109286316,721.7716260589402
18.033,814.7472127456881,714.9692958063424
18.05,814.5578514816422,707.776963677589
18.067,813.4763000348454,700.5294441222561
18.083,811.829698052274,693.3912160053992
18.1,809.9605613004053,686.5415915380657
18.117,808.3655016623018,680.2611292221327
18.133,807.1704646843157,674.3505127233869
18.15,806.1293879951548,667.7555165876333
18.167,806.8329578949235,661.5655924635855
18.183,808.3980768288474,654.8550538915645
18.2,810.5997845788878,647.0459487532493
18.217,811.8863755260993,641.5569643868118
18.233,814.9350362491869,632.6787847267549
18.25,816.7040347645253,626.9758009455824
18.267,820.368657826392,617.1596192233264
18.283,822.527044513015,611.5917043665856
18.3,826.8666174233902,601.4445535168036
18.317,829.1467154512513,596.5812365159359
18.333,833.6709140166406,587.0576475848411
18.35,835.9791739427827,583.364296180001
18.367,840.470579052328,575.5656630152082
18.383,842.7124925454762,573.4079209901292
18.4,847.1281925292577,567.9018056360148
18.417,849.3535653282984,567.2825110914173
18.433,851.5946347195904,567.3376750889238
18.45,856.1716439267867,563.9765284530695
18.467,858.49677004411,564.8507101907337
18.483,863.0183637644307,563.2652344403656
18.5,867.4886680667603,562.9051579133295
18.517,871.6956272009261,563.7438930392801
18.533,875.5069008342925,566.1707027057139
18.55,879.0492334383616,570.3540546816567
18.567,881.798696761869,575.9114420885282
18.583,883.2946171197398,582.2723527246078
18.6,883.676809147393,589.609274259547
18.617,882.7911830008737,598.0495970924683
18.633,880.9577633900958,607.1681001338862
18.65,878.0929905616783,616.9381128876887
18.667,874.2745042723827,627.2138668731803
18.683,869.1874722815758,637.7619032228635
18.7,863.5716252831913,648.2824015010827
18.717,856.8840931095945,658.269107635344
18.733,850.1558645839382,667.8920478322436
18.75,842.7141921838556,676.8221330629103
18.767,834.8912814135444,684.9617341094666
18.783,826.8151920421476,692.1565557948384
18.8,818.9869203144744,698.5041280121187
18.817,811.0455521341412,703.7896592360232
18.833,803.4443594829119,707.8183534240183
18.85,796.1233600772536,710.8547295856636
18.867,788.9779968660695,712.9348637013491
18.883,782.46638659369,713.8208151428137
18.9,776.3932311517522,713.8167589080242
18.917,770.9254403314974,712.7413289727467
18.933,766.3260750403396,710.6811485726276
18.95,762.7850433117485,707.6951094442882
18.967,760.1052846526927,703.9035835603315
18.983,758.4708756098521,699.632327317342
19.0,757.9776698248113,695.0370757941391
19.017,758.5578190983508,690.3888254902128
19.033,760.2526611922584,685.6866382342484
19.05,763.2924411041311,680.9239476355574
19.067,767.736995876355,675.5752256512598
19.083,773.5057431379732,669.3792403075721
19.1,785.6232669040669,656.854665104112
19.117,794.1657182430101,647.0185772285507
19.133,802.823976077283,636.5889004700692
19.15,811.473507679355,626.4440539188677
19.167,819.7380324710671,616.4372137131604
19.183,827.6936574018782,607.4219858673787
19.2,835.4176700439243,599.2384552545514
19.217,842.5105255453434,592.5353009362017
19.233,849.233465622041,587.4900893243055
19.25,855.6883905664807,584.6099809441316
19.267,861.7970910653269,584.0768858195195
19.283,867.1819439688354,585.8737572168292
19.3,871.8986173971616,589.7965196393561
19.317,875.598736929709,595.4888010055987
19.333,878.0351464964098,602.3937568768034
19.35,878.9995009231011,610.1949452564797
19.367,878.4085791673115,618.5466153625565
19.383,876.2343869503582,627.4675031052659
19.4,872.7761867148174,636.4822516035097
19.417,868.395457884508,645.7964719155659
19.433,863.0946661271914,654.933290960843
19.45,857.1403031612189,663.9106123555435
19.467,850.6290688179461,672.1840939963389
19.483,843.5001534308522,680.0025382254548
19.5,835.8465503467088,687.2831408659893
19.517,827.8335925988436,694.0295002396417
19.533,820.0147686068537,700.0699654020573
19.55,812.0668372343398,705.4215986063045
19.567,804.2710335187462,710.1251394998048
19.583,796.6606581904292,713.8492051524789
19.6,789.1765689229785,716.7615649057755
19.617,782.3615034413576,718.6149690399732
19.633,776.155768724896,719.4952237229191
19.65,770.4850168836876,719.2250951297383
19.667,765.7031936886722,717.8441458968244
19.683,761.8794425172036,715.280575490598
19.7,759.0257755222237,711.6495290370814
19.717,757.340597058859,707.3306173855989
19.733,756.7234108997734,702.479571381389
19.75,757.1869467743327,697.3766759939076
19.767,758.9781147206902,692.1391013735708
19.783,762.2473707576605,686.4444389756483
19.8,767.3743233312442,680.2287835863093
19.817,774.1411953464398,672.7854630860314
19.833,782.0435641032457,664.4413391980847
19.85,790.7178559235169,655.0663317756542
19.867,799.6069816270947,645.5600852802809
19.883,808.1790012039407,636.2401985888707
19.9,816.1787037475281,627.7355906304256
19.917,823.5132292666647,620.2173432080873
19.933,830.291914605316,613.8119376316561
19.95,836.7962618896859,608.8444610543042
19.967,842.9641488254796,605.9060146659094
19.983,848.8899524052308,605.1350247405505
20.0,854.3356079429841,606.6809450844859
20.017,858.6988174289727,610.3102316499468
20.033,861.7211843402588,615.5875434474916
20.05,863.1384335379827,622.4814337309319
20.067,862.6997200193077,630.5688894586995
20.083,860.4196349920496,639.4991031783265
20.1,856.2881967051528,649.1834546100565
20.117,850.676456860031,659.9405587657483
20.133,843.1582794095016,670.5643822429482
20.15,834.1599286098381,681.4599677759065
20.167,824.0124212596659,692.4760683414089
20.183,812.7531852243947,703.2944486749232
20.2,801.114453988082,714.0511502672639
20.217,789.2251186987723,724.3063967976825
20.233,777.3368881741869,734.1404889685093
20.25,766.6190529874146,745.444675500544
20.267,755.2295478623437,754.1355602860987
20.283,739.713431578944,762.067121151794
20.3,729.9049271847775,767.7839211400305
20.317,720.6949230627997,772.1979702093744
20.333,712.0545287878565,775.6283129113413
20.35,704.0477046436479,778.0700936084372
20.367,696.5333854024918,779.6689533008159
20.383,689.5180687049196,780.7512280835733
20.4,683.1562586661105,781.5183157534364
20.417,677.5803073443412,782.1014008998714
20.433,673.0201981858675,782.8243530439697
20.45,669.9713063905547,783.9305864410267
20.467,669.170226550609,785.579106249101
20.483,671.3475361269218,788.6439785442471
20.5,676.6867570914995,791.8674463240847
20.517,683.9034208761169,793.6136398714939
20.533,696.8331378365303,792.3408790537419
20.55,710.2099546641239,786.3584589761704
20.567,723.084320409906,778.3148394360045
20.583,734.4176416042906,767.9696859104139
20.6,743.7830394420815,755.7097801996591
20.617,750.9525374187391,742.1824765187434
20.633,758.1872800489411,731.3717829955631
20.65,762.445878873282,716.696069315938
20.667,766.0934337470705,702.6036596140158
20.683,769.6294970174552,689.6490886347082
20.7,772.9174477883074,677.2964382101056
20.717,776.3763789962472,666.4871327173087
20.733,780.3446736442118,656.8630651129125
20.75,784.8473390751396,647.757013370724
20.767,790.164341556022,638.8814254085345
20.783,796.2103416835291,629.5803346304815
20.8,802.6785860067594,619.3612145458048
20.817,809.4857639361193,607.9562220086957
20.833,815.6416804506191,596.1050777999342
20.85,820.9246407092083,584.1765116261643
20.867,824.6389981299205,572.5913892682406
20.883,826.855603829154,562.4904535675948
20.9,828.1487390906841,554.1197565447926
20.917,828.6695451870485,548.8163682740767
20.933,829.0874251138754,546.8377688924664
20.95,829.2277564083181,547.4511606013298
20.967,829.3441860441189,550.358000835664
20.983,829.3955255165417,555.2345794955772
21.0,828.9822242030828,560.6766192819827
21.017,828.5157974302067,567.4955891914201
21.033,827.5075960431607,574.5024494842731
21.05,825.434825917265,580.5371806966283
21.067,823.0225226559785,586.568165065446
21.083,820.6420217616808,592.4976343465802
21.1,817.9087701590518,597.2674865805533
21.117,815.5024146858666,601.2388497639824
21.133,813.2413169738049,604.5748595906174
21.15,811.6496911319144,607.0760285527483
21.167,811.0567736069761,608.7521405426041
21.183,811.636258343797,609.3854481246839
21.2,813.4044143743033,609.0217269175708
21.217,815.9377278194115,607.8618631055034
21.233,819.2799138320648,605.6459214765393
21.25,822.8017630831521,602.3329701906762
21.267,826.0034936437156,598.5574037963522
21.283,829.4342848875882,594.0512576688641
21.3,832.8324226503307,588.5421994340118
21.317,836.0350590484002,582.5243497057045
21.333,839.169206528313,576.1000945120754
21.35,842.2466181571835,569.6779540609932
21.367,845.2019106239179,564.0674480226312
21.383,848.1791649207205,559.0819950496893
21.4,851.5067762933855,555.1476709574438
21.417,854.9904464494455,552.5889907814653
21.433,858.4707162870104,551.8022580587385
21.45,859.9964945743352,551.9148151474087
21.467,863.2234308231031,553.3488993130992
21.483,865.7393980831279,556.4678218474448
21.5,867.3849502397954,561.1612784932499
21.517,868.1444314529581,567.3750920483095
21.533,867.4848175227014,574.9760183393284
21.55,865.6558783310902,583.9028307520327
21.567,862.7269943804358,593.3819326013332
21.583,859.3091390564263,603.841808727795
21.6,854.992938598188,614.841931347828
21.617,850.0424706522481,626.0143824695281
21.633,844.4428710514354,637.5486466216713
21.65,838.2715965778526,649.2951574482714
21.667,831.7658239094103,661.0306511222938
21.683,827.5757220017178,668.9383325789695
21.7,820.9267825879881,680.8471632820477
21.717,814.254538206201,692.9282741582228
21.733,807.4682081575803,704.9158506577476
21.75,801.0893641147486,716.0706408011873
21.767,794.8843396114796,726.7410642991258
21.783,789.2272592181858,735.9288290382667
21.8,784.0141497403422,743.966337473171
21.817,778.9632530666942,750.7671425504625
21.833,774.0823325763081,756.2725840344333
21.85,769.5065410678285,760.8504029284265
21.867,764.9775434074625,764.6897125143722
21.883,760.2656652159128,768.0278565744634
21.9,755.4056666472876,771.2615941443457
21.917,750.7249483268391,774.5912529864904
21.933,746.2696550165332,778.1054198740592
21.95,744.8325528318173,778.0320874483061
21.967,741.8310355404595,781.0458070594648
21.983,740.898770004897,783.0440704628692
22.0,742.2251573950073,782.6262030124453
22.017,746.1722355674838,779.7729604039707
22.033,751.5135993326335,774.6660401181956
22.05,757.2184502784933,767.2747607053209
22.067,763.186613665559,758.8856430097003
22.083,767.8801260120513,749.4445857181774
22.1,771.4689800135299,739.2677660151987
22.117,773.7166827731603,727.9745192673823
22.133,775.0437247890563,716.4806814176975
22.15,775.7369603133478,704.6617343717874
22.167,776.2929323567753,693.1457322309087
22.183,777.2725794330107,682.1645847139902
22.2,779.0111561196829,671.8037676429567
22.217,782.4129441332374,663.9522722026614
22.233,785.375621659934,653.958681370618
22.25,789.3591314713617,644.2595180606619
22.267,794.334005671705,634.2487733227424
22.283,800.2056449032561,623.7931835059825
22.3,806.9984380729543,612.2682464457922
22.317,814.622286181847,599.9542160749929
22.333,822.404008920535,587.5914862248904
22.35,829.8167221897312,575.3266414444447
22.367,836.6316040481072,562.949083248241
22.383,843.0783950574246,551.7259141042662
22.4,848.5661526316087,541.7352949506403
22.417,853.5956917688932,532.5879603210705
22.433,858.116055556203,525.0903874714155
22.45,862.3013069706692,519.1609017668301
22.467,866.3229818125732,514.9156668760543
22.483,868.7594944112191,513.601123814938
22.5,872.9953018390784,511.88892316616057
22.517,877.2473495522711,511.90323220114146
22.533,881.3370890790884,513.2992174055397
22.55,885.1256858092385,515.9843750397808
22.567,888.5480093558815,519.9747425704628
22.583,891.4946869029411,524.8645607664064
22.6,893.4733496438887,530.4779841929518
22.617,894.5978318761335,536.8624509999245
22.633,894.9754948184293,543.881748747353
22.65,894.8441160306508,551.3139500715275
22.667,894.3011973678565,559.0664331746041
22.683,893.1006846060648,566.9700921607424
22.7,891.555866832322,574.9877653648174
22.717,889.5641681426107,583.4226289484435
22.733,887.3490268159317,592.0053351942302
22.75,886.0802354290108,597.8968241498505
22.767,883.7360691011625,606.6631709834321
22.783,881.2870814565858,615.2932114919425
22.8,878.9164795275125,624.0396534671702
22.817,876.4621240421177,632.5100525144013
22.833,873.9111118674675,640.8267608914986
22.85,871.3945021470944,649.0837481476976
22.867,868.5948615513221,657.0302084707714
22.883,865.7332288049986,664.8357613725591
22.9,862.6561531238821,672.3472963145684
22.917,859.2717129635223,679.3638979061836
22.933,855.8342292344394,686.0859781394781
22.95,852.3554490043257,692.5695371730745
22.967,848.8567022113037,698.6983814810476
22.983,845.2451620331565,704.6024805551554
23.0,841.621346133888,710.3939395548539
23.017,839.3367993831876,713.8925758460816
23.033,835.7439376154248,719.3136749950111
23.05,832.1787838332089,724.5393947712581
23.067,828.4509819853636,729.7501084531968
23.083,824.7055997327886,734.924050499207
23.1,820.910048857248,740.1152610332069
23.117,816.9397700236203,745.3253419458329
23.133,812.8601778395143,750.60306638425
23.15,808.889630586636,755.9101635139978
23.167,804.87636956709,761.1724775555671
23.183,800.9584639970456,766.0779383867065
23.2,797.1656205875988,770.9394707510615
23.217,793.2518383610436,775.7296360085707
23.233,789.3319014051294,780.4421232360587
23.25,785.5049418634172,785.2827424167995
23.267,781.8026882306847,790.2944759832639
23.283,779.4523925927324,793.7486831234551
23.3,776.1209970628225,798.9301078883234
23.317,773.197085990535,804.0357598656533
23.333,770.5163884960302,809.2001781558815
23.35,768.058654139915,814.5682126636948
23.367,766.0766432006076,819.9220453487435
23.383,763.5284622187884,825.2427623282499
23.4,760.4587114323631,830.488698948448
23.417,756.8941191393727,835.6356474423577
23.433,752.704340731907,840.6815672994753
23.45,748.1528709950129,845.532759475509
23.467,743.2083868981329,850.2620409899372
23.483,737.7976841513062,854.8377914353468
23.5,732.0456569401415,859.1467812300596
23.517,726.1787605520262,863.3009341647908
23.533,720.0046589015175,867.1367079532084
23.55,714.9206450230259,869.3319682726315
23.567,708.2845715173693,872.8781957978397
23.583,701.3161067430458,876.4566383264671
23.6,694.0085206390379,879.8908986589809
23.617,687.0824055407629,883.7295940771708
23.633,679.8809671566562,887.0867344036167
23.65,673.1217051286499,891.5445544858496
23.667,667.1562454821316,893.9371694611036
23.683,657.6107471200921,896.5462986332784
23.7,650.2940504233882,890.409740407837
23.717,635.5522019903227,893.4532285743567
23.733,619.1961015279244,896.172958755097
23.75,602.6193941045487,896.6475655371619
23.767,586.3967994142025,892.5870641228883
23.783,564.7060836189924,892.07910073675
23.8,558.9458726629248,892.2138334033498
23.817,553.2059802341477,892.20321254638
23.833,547.4975570976313,892.0458511871889
23.85,541.8317540183463,891.7403623471243
23.867,536.2197217612633,891.2853590475347
23.883,530.6726110913529,890.6794543097681
23.9,525.2015727735854,889.9212611551725
23.917,519.8177575729314,889.0093926050963
23.933,514.5323162543617,887.9424616808878
23.95,509.3563995828466,886.719081403895
23.967,504.30115832335673,885.337864795466
23.983,499.3777432408626,883.797424876949
24.0,494.5973051003348,882.0963746696921
24.017,489.97099466674376,880.2333271950438
